--
-- PostgreSQL database dump
--

-- Dumped from database version 13.12 (Debian 13.12-1.pgdg120+1)
-- Dumped by pg_dump version 14.9 (Ubuntu 14.9-0ubuntu0.22.04.1)

SET statement_timeout = 0;
SET lock_timeout = 0;
SET idle_in_transaction_session_timeout = 0;
SET client_encoding = 'UTF8';
SET standard_conforming_strings = on;
SELECT pg_catalog.set_config('search_path', '', false);
SET check_function_bodies = false;
SET xmloption = content;
SET client_min_messages = warning;
SET row_security = off;

SET default_tablespace = '';

SET default_table_access_method = heap;

--
-- Name: Api_complaint; Type: TABLE; Schema: public; Owner: hahaha
--

CREATE TABLE public."Api_complaint" (
    id bigint NOT NULL,
    cords double precision[] NOT NULL,
    rate double precision,
    text character varying(255),
    air boolean,
    green boolean,
    urban boolean,
    clear boolean,
    water boolean,
    photo character varying(100),
    complaint_status_id bigint NOT NULL,
    user_id_id integer NOT NULL
);


ALTER TABLE public."Api_complaint" OWNER TO hahaha;

--
-- Name: Api_complaint_id_seq; Type: SEQUENCE; Schema: public; Owner: hahaha
--

ALTER TABLE public."Api_complaint" ALTER COLUMN id ADD GENERATED BY DEFAULT AS IDENTITY (
    SEQUENCE NAME public."Api_complaint_id_seq"
    START WITH 1
    INCREMENT BY 1
    NO MINVALUE
    NO MAXVALUE
    CACHE 1
);


--
-- Name: Api_complaintstatus; Type: TABLE; Schema: public; Owner: hahaha
--

CREATE TABLE public."Api_complaintstatus" (
    id bigint NOT NULL,
    status character varying(50) NOT NULL
);


ALTER TABLE public."Api_complaintstatus" OWNER TO hahaha;

--
-- Name: Api_complaintstatus_id_seq; Type: SEQUENCE; Schema: public; Owner: hahaha
--

ALTER TABLE public."Api_complaintstatus" ALTER COLUMN id ADD GENERATED BY DEFAULT AS IDENTITY (
    SEQUENCE NAME public."Api_complaintstatus_id_seq"
    START WITH 1
    INCREMENT BY 1
    NO MINVALUE
    NO MAXVALUE
    CACHE 1
);


--
-- Name: Api_news; Type: TABLE; Schema: public; Owner: hahaha
--

CREATE TABLE public."Api_news" (
    id bigint NOT NULL,
    title character varying(100) NOT NULL,
    description character varying(255) NOT NULL,
    adress character varying(100) NOT NULL,
    photo character varying(255)
);


ALTER TABLE public."Api_news" OWNER TO hahaha;

--
-- Name: Api_news_id_seq; Type: SEQUENCE; Schema: public; Owner: hahaha
--

ALTER TABLE public."Api_news" ALTER COLUMN id ADD GENERATED BY DEFAULT AS IDENTITY (
    SEQUENCE NAME public."Api_news_id_seq"
    START WITH 1
    INCREMENT BY 1
    NO MINVALUE
    NO MAXVALUE
    CACHE 1
);


--
-- Name: Api_permition; Type: TABLE; Schema: public; Owner: hahaha
--

CREATE TABLE public."Api_permition" (
    id bigint NOT NULL,
    name character varying(50) NOT NULL
);


ALTER TABLE public."Api_permition" OWNER TO hahaha;

--
-- Name: Api_permition_id_seq; Type: SEQUENCE; Schema: public; Owner: hahaha
--

ALTER TABLE public."Api_permition" ALTER COLUMN id ADD GENERATED BY DEFAULT AS IDENTITY (
    SEQUENCE NAME public."Api_permition_id_seq"
    START WITH 1
    INCREMENT BY 1
    NO MINVALUE
    NO MAXVALUE
    CACHE 1
);


--
-- Name: Api_profile; Type: TABLE; Schema: public; Owner: hahaha
--

CREATE TABLE public."Api_profile" (
    id bigint NOT NULL,
    raiting integer NOT NULL,
    eco_scores integer NOT NULL,
    permition_id_id bigint,
    user_id integer NOT NULL
);


ALTER TABLE public."Api_profile" OWNER TO hahaha;

--
-- Name: Api_profile_id_seq; Type: SEQUENCE; Schema: public; Owner: hahaha
--

ALTER TABLE public."Api_profile" ALTER COLUMN id ADD GENERATED BY DEFAULT AS IDENTITY (
    SEQUENCE NAME public."Api_profile_id_seq"
    START WITH 1
    INCREMENT BY 1
    NO MINVALUE
    NO MAXVALUE
    CACHE 1
);


--
-- Name: Api_request; Type: TABLE; Schema: public; Owner: hahaha
--

CREATE TABLE public."Api_request" (
    id bigint NOT NULL,
    last_update timestamp with time zone NOT NULL,
    complain_id_id bigint NOT NULL,
    status_id_id bigint NOT NULL
);


ALTER TABLE public."Api_request" OWNER TO hahaha;

--
-- Name: Api_request_id_seq; Type: SEQUENCE; Schema: public; Owner: hahaha
--

ALTER TABLE public."Api_request" ALTER COLUMN id ADD GENERATED BY DEFAULT AS IDENTITY (
    SEQUENCE NAME public."Api_request_id_seq"
    START WITH 1
    INCREMENT BY 1
    NO MINVALUE
    NO MAXVALUE
    CACHE 1
);


--
-- Name: Api_requsetstatus; Type: TABLE; Schema: public; Owner: hahaha
--

CREATE TABLE public."Api_requsetstatus" (
    id bigint NOT NULL,
    name character varying(255) NOT NULL
);


ALTER TABLE public."Api_requsetstatus" OWNER TO hahaha;

--
-- Name: Api_requsetstatus_id_seq; Type: SEQUENCE; Schema: public; Owner: hahaha
--

ALTER TABLE public."Api_requsetstatus" ALTER COLUMN id ADD GENERATED BY DEFAULT AS IDENTITY (
    SEQUENCE NAME public."Api_requsetstatus_id_seq"
    START WITH 1
    INCREMENT BY 1
    NO MINVALUE
    NO MAXVALUE
    CACHE 1
);


--
-- Name: Api_trash; Type: TABLE; Schema: public; Owner: hahaha
--

CREATE TABLE public."Api_trash" (
    id bigint NOT NULL,
    address character varying(100) NOT NULL,
    address_hash character varying(255) NOT NULL,
    organization_id bigint
);


ALTER TABLE public."Api_trash" OWNER TO hahaha;

--
-- Name: Api_trash_id_seq; Type: SEQUENCE; Schema: public; Owner: hahaha
--

ALTER TABLE public."Api_trash" ALTER COLUMN id ADD GENERATED BY DEFAULT AS IDENTITY (
    SEQUENCE NAME public."Api_trash_id_seq"
    START WITH 1
    INCREMENT BY 1
    NO MINVALUE
    NO MAXVALUE
    CACHE 1
);


--
-- Name: Api_trashorganizations; Type: TABLE; Schema: public; Owner: hahaha
--

CREATE TABLE public."Api_trashorganizations" (
    id bigint NOT NULL,
    organization character varying(100) NOT NULL
);


ALTER TABLE public."Api_trashorganizations" OWNER TO hahaha;

--
-- Name: Api_trashorganizations_id_seq; Type: SEQUENCE; Schema: public; Owner: hahaha
--

ALTER TABLE public."Api_trashorganizations" ALTER COLUMN id ADD GENERATED BY DEFAULT AS IDENTITY (
    SEQUENCE NAME public."Api_trashorganizations_id_seq"
    START WITH 1
    INCREMENT BY 1
    NO MINVALUE
    NO MAXVALUE
    CACHE 1
);


--
-- Name: auth_group; Type: TABLE; Schema: public; Owner: hahaha
--

CREATE TABLE public.auth_group (
    id integer NOT NULL,
    name character varying(150) NOT NULL
);


ALTER TABLE public.auth_group OWNER TO hahaha;

--
-- Name: auth_group_id_seq; Type: SEQUENCE; Schema: public; Owner: hahaha
--

ALTER TABLE public.auth_group ALTER COLUMN id ADD GENERATED BY DEFAULT AS IDENTITY (
    SEQUENCE NAME public.auth_group_id_seq
    START WITH 1
    INCREMENT BY 1
    NO MINVALUE
    NO MAXVALUE
    CACHE 1
);


--
-- Name: auth_group_permissions; Type: TABLE; Schema: public; Owner: hahaha
--

CREATE TABLE public.auth_group_permissions (
    id bigint NOT NULL,
    group_id integer NOT NULL,
    permission_id integer NOT NULL
);


ALTER TABLE public.auth_group_permissions OWNER TO hahaha;

--
-- Name: auth_group_permissions_id_seq; Type: SEQUENCE; Schema: public; Owner: hahaha
--

ALTER TABLE public.auth_group_permissions ALTER COLUMN id ADD GENERATED BY DEFAULT AS IDENTITY (
    SEQUENCE NAME public.auth_group_permissions_id_seq
    START WITH 1
    INCREMENT BY 1
    NO MINVALUE
    NO MAXVALUE
    CACHE 1
);


--
-- Name: auth_permission; Type: TABLE; Schema: public; Owner: hahaha
--

CREATE TABLE public.auth_permission (
    id integer NOT NULL,
    name character varying(255) NOT NULL,
    content_type_id integer NOT NULL,
    codename character varying(100) NOT NULL
);


ALTER TABLE public.auth_permission OWNER TO hahaha;

--
-- Name: auth_permission_id_seq; Type: SEQUENCE; Schema: public; Owner: hahaha
--

ALTER TABLE public.auth_permission ALTER COLUMN id ADD GENERATED BY DEFAULT AS IDENTITY (
    SEQUENCE NAME public.auth_permission_id_seq
    START WITH 1
    INCREMENT BY 1
    NO MINVALUE
    NO MAXVALUE
    CACHE 1
);


--
-- Name: auth_user; Type: TABLE; Schema: public; Owner: hahaha
--

CREATE TABLE public.auth_user (
    id integer NOT NULL,
    password character varying(128) NOT NULL,
    last_login timestamp with time zone,
    is_superuser boolean NOT NULL,
    username character varying(150) NOT NULL,
    first_name character varying(150) NOT NULL,
    last_name character varying(150) NOT NULL,
    email character varying(254) NOT NULL,
    is_staff boolean NOT NULL,
    is_active boolean NOT NULL,
    date_joined timestamp with time zone NOT NULL
);


ALTER TABLE public.auth_user OWNER TO hahaha;

--
-- Name: auth_user_groups; Type: TABLE; Schema: public; Owner: hahaha
--

CREATE TABLE public.auth_user_groups (
    id bigint NOT NULL,
    user_id integer NOT NULL,
    group_id integer NOT NULL
);


ALTER TABLE public.auth_user_groups OWNER TO hahaha;

--
-- Name: auth_user_groups_id_seq; Type: SEQUENCE; Schema: public; Owner: hahaha
--

ALTER TABLE public.auth_user_groups ALTER COLUMN id ADD GENERATED BY DEFAULT AS IDENTITY (
    SEQUENCE NAME public.auth_user_groups_id_seq
    START WITH 1
    INCREMENT BY 1
    NO MINVALUE
    NO MAXVALUE
    CACHE 1
);


--
-- Name: auth_user_id_seq; Type: SEQUENCE; Schema: public; Owner: hahaha
--

ALTER TABLE public.auth_user ALTER COLUMN id ADD GENERATED BY DEFAULT AS IDENTITY (
    SEQUENCE NAME public.auth_user_id_seq
    START WITH 1
    INCREMENT BY 1
    NO MINVALUE
    NO MAXVALUE
    CACHE 1
);


--
-- Name: auth_user_user_permissions; Type: TABLE; Schema: public; Owner: hahaha
--

CREATE TABLE public.auth_user_user_permissions (
    id bigint NOT NULL,
    user_id integer NOT NULL,
    permission_id integer NOT NULL
);


ALTER TABLE public.auth_user_user_permissions OWNER TO hahaha;

--
-- Name: auth_user_user_permissions_id_seq; Type: SEQUENCE; Schema: public; Owner: hahaha
--

ALTER TABLE public.auth_user_user_permissions ALTER COLUMN id ADD GENERATED BY DEFAULT AS IDENTITY (
    SEQUENCE NAME public.auth_user_user_permissions_id_seq
    START WITH 1
    INCREMENT BY 1
    NO MINVALUE
    NO MAXVALUE
    CACHE 1
);


--
-- Name: django_admin_log; Type: TABLE; Schema: public; Owner: hahaha
--

CREATE TABLE public.django_admin_log (
    id integer NOT NULL,
    action_time timestamp with time zone NOT NULL,
    object_id text,
    object_repr character varying(200) NOT NULL,
    action_flag smallint NOT NULL,
    change_message text NOT NULL,
    content_type_id integer,
    user_id integer NOT NULL,
    CONSTRAINT django_admin_log_action_flag_check CHECK ((action_flag >= 0))
);


ALTER TABLE public.django_admin_log OWNER TO hahaha;

--
-- Name: django_admin_log_id_seq; Type: SEQUENCE; Schema: public; Owner: hahaha
--

ALTER TABLE public.django_admin_log ALTER COLUMN id ADD GENERATED BY DEFAULT AS IDENTITY (
    SEQUENCE NAME public.django_admin_log_id_seq
    START WITH 1
    INCREMENT BY 1
    NO MINVALUE
    NO MAXVALUE
    CACHE 1
);


--
-- Name: django_content_type; Type: TABLE; Schema: public; Owner: hahaha
--

CREATE TABLE public.django_content_type (
    id integer NOT NULL,
    app_label character varying(100) NOT NULL,
    model character varying(100) NOT NULL
);


ALTER TABLE public.django_content_type OWNER TO hahaha;

--
-- Name: django_content_type_id_seq; Type: SEQUENCE; Schema: public; Owner: hahaha
--

ALTER TABLE public.django_content_type ALTER COLUMN id ADD GENERATED BY DEFAULT AS IDENTITY (
    SEQUENCE NAME public.django_content_type_id_seq
    START WITH 1
    INCREMENT BY 1
    NO MINVALUE
    NO MAXVALUE
    CACHE 1
);


--
-- Name: django_migrations; Type: TABLE; Schema: public; Owner: hahaha
--

CREATE TABLE public.django_migrations (
    id bigint NOT NULL,
    app character varying(255) NOT NULL,
    name character varying(255) NOT NULL,
    applied timestamp with time zone NOT NULL
);


ALTER TABLE public.django_migrations OWNER TO hahaha;

--
-- Name: django_migrations_id_seq; Type: SEQUENCE; Schema: public; Owner: hahaha
--

ALTER TABLE public.django_migrations ALTER COLUMN id ADD GENERATED BY DEFAULT AS IDENTITY (
    SEQUENCE NAME public.django_migrations_id_seq
    START WITH 1
    INCREMENT BY 1
    NO MINVALUE
    NO MAXVALUE
    CACHE 1
);


--
-- Name: django_session; Type: TABLE; Schema: public; Owner: hahaha
--

CREATE TABLE public.django_session (
    session_key character varying(40) NOT NULL,
    session_data text NOT NULL,
    expire_date timestamp with time zone NOT NULL
);


ALTER TABLE public.django_session OWNER TO hahaha;

--
-- Name: token_blacklist_blacklistedtoken; Type: TABLE; Schema: public; Owner: hahaha
--

CREATE TABLE public.token_blacklist_blacklistedtoken (
    id bigint NOT NULL,
    blacklisted_at timestamp with time zone NOT NULL,
    token_id bigint NOT NULL
);


ALTER TABLE public.token_blacklist_blacklistedtoken OWNER TO hahaha;

--
-- Name: token_blacklist_blacklistedtoken_id_seq; Type: SEQUENCE; Schema: public; Owner: hahaha
--

ALTER TABLE public.token_blacklist_blacklistedtoken ALTER COLUMN id ADD GENERATED BY DEFAULT AS IDENTITY (
    SEQUENCE NAME public.token_blacklist_blacklistedtoken_id_seq
    START WITH 1
    INCREMENT BY 1
    NO MINVALUE
    NO MAXVALUE
    CACHE 1
);


--
-- Name: token_blacklist_outstandingtoken; Type: TABLE; Schema: public; Owner: hahaha
--

CREATE TABLE public.token_blacklist_outstandingtoken (
    id bigint NOT NULL,
    token text NOT NULL,
    created_at timestamp with time zone,
    expires_at timestamp with time zone NOT NULL,
    user_id integer,
    jti character varying(255) NOT NULL
);


ALTER TABLE public.token_blacklist_outstandingtoken OWNER TO hahaha;

--
-- Name: token_blacklist_outstandingtoken_id_seq; Type: SEQUENCE; Schema: public; Owner: hahaha
--

ALTER TABLE public.token_blacklist_outstandingtoken ALTER COLUMN id ADD GENERATED BY DEFAULT AS IDENTITY (
    SEQUENCE NAME public.token_blacklist_outstandingtoken_id_seq
    START WITH 1
    INCREMENT BY 1
    NO MINVALUE
    NO MAXVALUE
    CACHE 1
);


--
-- Data for Name: Api_complaint; Type: TABLE DATA; Schema: public; Owner: hahaha
--

COPY public."Api_complaint" (id, cords, rate, text, air, green, urban, clear, water, photo, complaint_status_id, user_id_id) FROM stdin;
3	{60,80}	0	привет	t	t	t	t	f	photos/1_O5oiPia.png	1	13
\.


--
-- Data for Name: Api_complaintstatus; Type: TABLE DATA; Schema: public; Owner: hahaha
--

COPY public."Api_complaintstatus" (id, status) FROM stdin;
1	Ожидание
2	Проверка
\.


--
-- Data for Name: Api_news; Type: TABLE DATA; Schema: public; Owner: hahaha
--

COPY public."Api_news" (id, title, description, adress, photo) FROM stdin;
\.


--
-- Data for Name: Api_permition; Type: TABLE DATA; Schema: public; Owner: hahaha
--

COPY public."Api_permition" (id, name) FROM stdin;
1	Администрация
2	Пользователь
3	Клинер
4	Квартальный
\.


--
-- Data for Name: Api_profile; Type: TABLE DATA; Schema: public; Owner: hahaha
--

COPY public."Api_profile" (id, raiting, eco_scores, permition_id_id, user_id) FROM stdin;
77	3	3	3	1
78	3	3	3	2
79	3	3	3	3
80	3	3	3	4
81	3	3	3	5
82	3	3	3	6
83	3	3	3	7
84	3	3	3	8
85	3	3	3	9
86	3	3	3	10
87	3	3	3	11
88	3	3	3	12
89	3	3	3	13
90	3	3	3	14
91	3	3	3	15
92	3	3	3	16
93	3	3	3	17
94	3	3	3	18
95	3	3	3	19
96	3	3	3	20
97	3	3	3	21
98	3	3	3	22
99	3	3	3	23
100	3	3	3	24
101	3	3	3	25
102	3	3	3	26
103	3	3	3	27
104	3	3	3	28
105	3	3	3	29
106	3	3	3	30
107	3	3	3	31
108	3	3	3	32
109	3	3	3	33
110	3	3	3	34
111	3	3	3	35
112	3	3	3	36
113	3	3	3	37
114	3	3	3	38
115	3	3	3	39
\.


--
-- Data for Name: Api_request; Type: TABLE DATA; Schema: public; Owner: hahaha
--

COPY public."Api_request" (id, last_update, complain_id_id, status_id_id) FROM stdin;
3	2023-08-18 02:31:04.477+00	3	2
2	2023-08-18 02:30:55.343+00	3	2
\.


--
-- Data for Name: Api_requsetstatus; Type: TABLE DATA; Schema: public; Owner: hahaha
--

COPY public."Api_requsetstatus" (id, name) FROM stdin;
1	Открыта
2	В работе
3	Ожидает подтверждения
\.


--
-- Data for Name: Api_trash; Type: TABLE DATA; Schema: public; Owner: hahaha
--

COPY public."Api_trash" (id, address, address_hash, organization_id) FROM stdin;
2	Амундсена	cfcf62a3b0582d7115aac799fa2336591d1fc257ec21938814bf9c91ff390903	1
\.


--
-- Data for Name: Api_trashorganizations; Type: TABLE DATA; Schema: public; Owner: hahaha
--

COPY public."Api_trashorganizations" (id, organization) FROM stdin;
1	Сбер
2	ООО Иван
3	ИП Петров
\.


--
-- Data for Name: auth_group; Type: TABLE DATA; Schema: public; Owner: hahaha
--

COPY public.auth_group (id, name) FROM stdin;
\.


--
-- Data for Name: auth_group_permissions; Type: TABLE DATA; Schema: public; Owner: hahaha
--

COPY public.auth_group_permissions (id, group_id, permission_id) FROM stdin;
\.


--
-- Data for Name: auth_permission; Type: TABLE DATA; Schema: public; Owner: hahaha
--

COPY public.auth_permission (id, name, content_type_id, codename) FROM stdin;
1	Can add log entry	1	add_logentry
2	Can change log entry	1	change_logentry
3	Can delete log entry	1	delete_logentry
4	Can view log entry	1	view_logentry
5	Can add permission	2	add_permission
6	Can change permission	2	change_permission
7	Can delete permission	2	delete_permission
8	Can view permission	2	view_permission
9	Can add group	3	add_group
10	Can change group	3	change_group
11	Can delete group	3	delete_group
12	Can view group	3	view_group
13	Can add user	4	add_user
14	Can change user	4	change_user
15	Can delete user	4	delete_user
16	Can view user	4	view_user
17	Can add content type	5	add_contenttype
18	Can change content type	5	change_contenttype
19	Can delete content type	5	delete_contenttype
20	Can view content type	5	view_contenttype
21	Can add session	6	add_session
22	Can change session	6	change_session
23	Can delete session	6	delete_session
24	Can view session	6	view_session
25	Can add profile	7	add_profile
26	Can change profile	7	change_profile
27	Can delete profile	7	delete_profile
28	Can view profile	7	view_profile
29	Can add permition	8	add_permition
30	Can change permition	8	change_permition
31	Can delete permition	8	delete_permition
32	Can view permition	8	view_permition
33	Can add trash	9	add_trash
34	Can change trash	9	change_trash
35	Can delete trash	9	delete_trash
36	Can view trash	9	view_trash
37	Can add trash organizations	10	add_trashorganizations
38	Can change trash organizations	10	change_trashorganizations
39	Can delete trash organizations	10	delete_trashorganizations
40	Can view trash organizations	10	view_trashorganizations
41	Can add complaint	11	add_complaint
42	Can change complaint	11	change_complaint
43	Can delete complaint	11	delete_complaint
44	Can view complaint	11	view_complaint
45	Can add complaint status	12	add_complaintstatus
46	Can change complaint status	12	change_complaintstatus
47	Can delete complaint status	12	delete_complaintstatus
48	Can view complaint status	12	view_complaintstatus
49	Can add request	13	add_request
50	Can change request	13	change_request
51	Can delete request	13	delete_request
52	Can view request	13	view_request
53	Can add requset status	14	add_requsetstatus
54	Can change requset status	14	change_requsetstatus
55	Can delete requset status	14	delete_requsetstatus
56	Can view requset status	14	view_requsetstatus
57	Can add news	15	add_news
58	Can change news	15	change_news
59	Can delete news	15	delete_news
60	Can view news	15	view_news
61	Can add blacklisted token	16	add_blacklistedtoken
62	Can change blacklisted token	16	change_blacklistedtoken
63	Can delete blacklisted token	16	delete_blacklistedtoken
64	Can view blacklisted token	16	view_blacklistedtoken
65	Can add outstanding token	17	add_outstandingtoken
66	Can change outstanding token	17	change_outstandingtoken
67	Can delete outstanding token	17	delete_outstandingtoken
68	Can view outstanding token	17	view_outstandingtoken
73	Can add request	11	add_request
74	Can change request	11	change_request
75	Can delete request	11	delete_request
76	Can view request	11	view_request
77	Can add news	12	add_news
78	Can change news	12	change_news
79	Can delete news	12	delete_news
80	Can view news	12	view_news
81	Can add profile	13	add_profile
82	Can change profile	13	change_profile
83	Can delete profile	13	delete_profile
84	Can view profile	13	view_profile
85	Can add blacklisted token	14	add_blacklistedtoken
86	Can change blacklisted token	14	change_blacklistedtoken
87	Can delete blacklisted token	14	delete_blacklistedtoken
88	Can view blacklisted token	14	view_blacklistedtoken
89	Can add outstanding token	15	add_outstandingtoken
90	Can change outstanding token	15	change_outstandingtoken
91	Can delete outstanding token	15	delete_outstandingtoken
92	Can view outstanding token	15	view_outstandingtoken
\.


--
-- Data for Name: auth_user; Type: TABLE DATA; Schema: public; Owner: hahaha
--

COPY public.auth_user (id, password, last_login, is_superuser, username, first_name, last_name, email, is_staff, is_active, date_joined) FROM stdin;
1	pbkdf2_sha256$600000$V4TQTbbvxaA5FcopcPN4eR$bCckJz46jSZjRzVJ4wOsJndixw2GQTMfqbO4D2i6FJc=	\N	f	more4				f	t	2023-08-14 18:40:57.521343+00
2	pbkdf2_sha256$600000$XJAJrzRyBFD8eV8p5d0JMj$uPv6i4/TCPU8jBwqfpOZTfgR+olGz77jSCUTerG7dyA=	\N	f	Misha228				f	t	2023-08-16 15:23:05.409446+00
3	pbkdf2_sha256$600000$YsTPWrPgOiHqtNBloWzyYg$Xnmz63GimAB6wr1jVGvDGynShukIATLUIbppFjceU5I=	\N	t	yarik				t	t	2023-08-16 16:09:13.912301+00
4	pbkdf2_sha256$600000$iV2cFpyoxutAyTbNLQMf9G$GwdZsEstQpQhAJ60WszcSknDhGGRYd0A7zuC0QyXBgQ=	\N	f	Yarik228				f	t	2023-08-16 18:53:33.071563+00
5	pbkdf2_sha256$600000$1pkEe3iQWEDKJ5BD80pulz$23a+FaySw/GCK9WdQMfify40QZT5ZhYZ6shse5L7wK4=	\N	f	lesha32109557				f	t	2023-08-17 04:15:49.982897+00
6	pbkdf2_sha256$600000$Du44eFNpFQDP5Z3gtstVCU$12hozdr3rmM8EbSWeLd67NlB1sbmtaTb9nBYbJ06dNU=	\N	f	lesha3210955				f	t	2023-08-17 04:19:18.540893+00
7	pbkdf2_sha256$600000$7IYLTmr4i9P9ns9jUAUwiO$Vo45GAXB0z/P7o7wdiTFYhTOHyiuIcDOhuSUU7aMEo0=	\N	f	lesha32109				f	t	2023-08-17 04:20:41.083849+00
8	pbkdf2_sha256$600000$pyytAdtm2S3yugn4QCL1kB$sHGEjhLvUP5SzaL1V8V4teMJq0mxzr2lJg/xkuDxyqM=	\N	f	lesha321				f	t	2023-08-17 04:27:16.767001+00
9	pbkdf2_sha256$600000$u1QTgSJx1JTvAkjapsnP8l$ybcg3lwTMPouS1laPPPWW7u0+fKF2MJCmJkJ07Q+5wk=	\N	f	oilMilk				f	t	2023-08-17 04:43:19.789404+00
10	pbkdf2_sha256$600000$Q8xt1myjGXWiYIWN318HWt$aau9AzQ5li+6VT/cZnEZni9n1GU+tJy2tPREZFq8Hes=	\N	f	kreatiev				f	t	2023-08-17 04:56:46.979426+00
11	pbkdf2_sha256$600000$HfBy2ztR8nkuUqyipAYV8w$JfznZDu4v/HaT2lirjWQpEaG0to/7fMreggwKwFKPkE=	\N	f	postman-example-1				f	t	2023-08-17 05:18:10.010034+00
12	pbkdf2_sha256$600000$McOOVi1BYqcPqUmpb42rC8$U9/6+aMITq5OKMDYNRfxT2jfM7JM7ajVkVrdwGejELg=	\N	f	1233				f	t	2023-08-17 08:34:16.065262+00
13	pbkdf2_sha256$600000$MTAq6PxxGdE9gzcHnuBEVh$Noac/GQVXYsKhCHjfBTOGASWUmxdasVPePZDYMXbs4w=	\N	f	123123				f	t	2023-08-17 12:05:53.210418+00
14	pbkdf2_sha256$600000$2e6YwnK20bAnzfiFqbSGgI$Ay1pzp850apDriOHGoQNME/qPmWQBeSa5fGRjD4il28=	\N	f	Pizda				f	t	2023-08-17 12:07:45.238796+00
15	pbkdf2_sha256$600000$vsh89AIWZh5UINKQD7vA4P$uJS7GBS68fLeadASfa/9xeAsN5WDTqI6AFcXYNQORvI=	\N	f	6666				f	t	2023-08-17 12:12:56.190446+00
16	pbkdf2_sha256$600000$ju5ODuzkhwdqM2gTP6ExhB$V+lEfRwOGbUYVcRiqY95ctf4uLHBNsmE9H7wHuTJEM4=	\N	f	Yarik				f	t	2023-08-17 13:42:04.303499+00
17	pbkdf2_sha256$600000$VaqTk4iVsuKPtUtbNiSzQz$0vrFUXZbzIwRW6LQBvk5bFiykg+ZyQHto/hsC8xnaxI=	\N	f	vdg				f	t	2023-08-17 13:43:18.043186+00
18	pbkdf2_sha256$600000$yfPMFSQxD6Sh2TRno0euqZ$QLbHTSpz+lLnBkHi1LCQiiwbp4FWRXUaM34cDXGHKp0=	\N	f	vdgs				f	t	2023-08-17 13:46:02.671673+00
19	pbkdf2_sha256$600000$e4PgnKGIplH8uGaDpQjhuS$rkMy4suTe0u0hbsWROqQOIf/QU+w4NC6gcihEk1eoa8=	\N	f	sss				f	t	2023-08-17 13:47:47.759287+00
20	pbkdf2_sha256$600000$QWytJ5plh59rvTg7DS2285$Ay1olWmw51YwKO9If+IZA68Tkbij948+Vbdf9hbY6ME=	\N	f	sssd				f	t	2023-08-17 13:49:02.728487+00
21	pbkdf2_sha256$600000$tcnpGRIiNa9AukhdfBY7cN$SIz58s/2c+I2gTJzynq59OmP3nlkaD3IdVl3O84E2xA=	\N	f	sssdxx				f	t	2023-08-17 13:49:13.974526+00
22	pbkdf2_sha256$600000$wU05FsfqA0K5nPhwDtpsQH$MV4+qpuH07aRXiMecVacksxgNYrd3CE3u5aOLQjLOlM=	\N	f	123123q				f	t	2023-08-17 13:50:40.437095+00
23	pbkdf2_sha256$600000$Y1xBxOjVKlSfbZRaP06BqC$Hn0tPEs4UZ0e+w8iPBBR0ufda1u0Z5f6Mq2BawbhPNw=	\N	f	opapa				f	t	2023-08-17 13:51:59.04915+00
24	pbkdf2_sha256$600000$hSzzU4pxqgYS6MhSbFYFaT$zUvF/KFpoGEkMxrzA/ByuY47OdVankOQW1pNb/WwyxI=	\N	f	opapadd				f	t	2023-08-17 13:54:00.928293+00
25	pbkdf2_sha256$600000$HgvGAmNJ4ADZIEFrgqnm3g$VdLULdykoBJ6+BFzFXPSmKSHEEqY7N0aeDTbskmiasc=	\N	f	opapadd23				f	t	2023-08-17 13:54:26.349538+00
26	pbkdf2_sha256$600000$xlMBbPdzSGMlxpbKpY3pQo$+aM7v5ogv/9AiiM2hfxAd4a8wexhreRr8SHe6r8BCbw=	\N	f	asdasd				f	t	2023-08-17 13:54:59.83906+00
27	pbkdf2_sha256$600000$YaSjePk6brMtFjjpG7NIAN$LoLnczbxavTaOGni72Vpx0VJpEUI/nmz4uX8sD/AyGE=	\N	f	asdasd123				f	t	2023-08-17 13:59:31.943524+00
28	pbkdf2_sha256$600000$xie7NVO7iUc1g6u0WAnaHi$auvvE421g6WiJwjSrKzpwQFA2eRihaZoZA0xOUUYNIs=	\N	f	pizdesh				f	t	2023-08-17 19:24:15.208111+00
29	pbkdf2_sha256$600000$v6BigcUspQjLnGLjXYiNlr$iovOOBaHGU1Vrwkrv5ebIV4VS8keCCJZPwLcSoMo0y8=	\N	f	rebuild				f	t	2023-08-17 19:25:25.04675+00
30	pbkdf2_sha256$600000$VX8bHqamu9yhTce8JCntAE$SVOAyvmA2A3dhsEkEgFxBYYUKHp97gc9Sqt3ez2GE1E=	\N	f	asdasjkd				f	t	2023-08-17 19:25:59.474356+00
31	pbkdf2_sha256$600000$GAehaEm06aYPdRfdi6UvqV$x5cfNY3pezjofQ1xjGz/k+EZ3+9/aV/2ckd///i2O28=	\N	f	Swiper				f	t	2023-08-17 19:43:47.644552+00
32	pbkdf2_sha256$600000$MYy6bjcYHeyxcXaOlRPKAx$3vwMmRUi25L+rDRHF8S87YLY27krRu6RcbTkVEaJ4LQ=	\N	f	Swiper2				f	t	2023-08-17 19:44:41.916155+00
33	pbkdf2_sha256$600000$0eGHYXt4tbPPrqUOwQUTin$s4e2S1CX2BG45bMTmFaphU75I7DoYFN2TpLQe8zm+5A=	\N	f	123				f	t	2023-08-17 19:46:24.302214+00
34	pbkdf2_sha256$600000$mqjP9tQFtZsI0MkYlbZSg6$LSrJ4vEddI4vSxXOhAeibqeIzMQzLT4EgLjJ9l40+cA=	\N	f	Как жить				f	t	2023-08-17 19:49:21.42897+00
35	pbkdf2_sha256$600000$rX0AnEkDm8ZwpCB8VfAjZ4$ZrO9nIkTA1QdDH/AUMR2KP9WWsfVC3rzMt/Khf2pqjg=	\N	f	1231231				f	t	2023-08-17 19:50:11.104029+00
36	pbkdf2_sha256$600000$Ubffkh8wTUl3AFdbdYao98$p6A1tj3bSAsJZFFT81nhszw6oNNxoJmNa/sQNYLZyrg=	\N	f	HeroLipto				f	t	2023-08-17 19:55:59.866199+00
37	pbkdf2_sha256$600000$r78nhDk0wMnuTojht5SoOo$0jc3MWcGIMPTjUAo9VJZL/Sn2Ae64UvyvktAcjZZ76s=	\N	f	Karton				f	t	2023-08-17 19:57:08.87268+00
38	pbkdf2_sha256$600000$Z4px22bOy31d1vwZ1bgOD4$JLLBsidY8CGkqF9uDQC+oy5kczsDP+++d7IiW+7jmB4=	\N	f	123Geroy				f	t	2023-08-17 19:58:09.921255+00
39	pbkdf2_sha256$600000$5W9WOWID5hNi6BOTYx3mjs$hO9v2sJIinDqTZOt+45XMnOGZTo29X687uF0DFTQ0d4=	\N	f	Kakashki				f	t	2023-08-17 20:04:37.923808+00
40	pbkdf2_sha256$600000$Sa2DfF0rJyCs9ymH7X5b3l$VnBXl8pMe/WwTcuv2GRE8lM/qIBIHJ+glFvZeEHn+sA=	\N	f	alej				f	t	2023-08-17 20:08:37.861958+00
\.


--
-- Data for Name: auth_user_groups; Type: TABLE DATA; Schema: public; Owner: hahaha
--

COPY public.auth_user_groups (id, user_id, group_id) FROM stdin;
\.


--
-- Data for Name: auth_user_user_permissions; Type: TABLE DATA; Schema: public; Owner: hahaha
--

COPY public.auth_user_user_permissions (id, user_id, permission_id) FROM stdin;
\.


--
-- Data for Name: django_admin_log; Type: TABLE DATA; Schema: public; Owner: hahaha
--

COPY public.django_admin_log (id, action_time, object_id, object_repr, action_flag, change_message, content_type_id, user_id) FROM stdin;
\.


--
-- Data for Name: django_content_type; Type: TABLE DATA; Schema: public; Owner: hahaha
--

COPY public.django_content_type (id, app_label, model) FROM stdin;
1	admin	logentry
2	auth	permission
3	auth	group
4	auth	user
5	contenttypes	contenttype
6	sessions	session
7	Api	profile
8	Api	permition
9	Api	trash
10	Api	trashorganizations
11	Api	complaint
12	Api	complaintstatus
13	Api	request
14	Api	requsetstatus
15	Api	news
16	token_blacklist	blacklistedtoken
17	token_blacklist	outstandingtoken
20	Api	region
\.


--
-- Data for Name: django_migrations; Type: TABLE DATA; Schema: public; Owner: hahaha
--

COPY public.django_migrations (id, app, name, applied) FROM stdin;
1	contenttypes	0001_initial	2023-08-18 01:58:36.327949+00
2	auth	0001_initial	2023-08-18 01:58:36.43226+00
3	admin	0001_initial	2023-08-18 01:58:36.461228+00
4	admin	0002_logentry_remove_auto_add	2023-08-18 01:58:36.475724+00
5	admin	0003_logentry_add_action_flag_choices	2023-08-18 01:58:36.485077+00
6	contenttypes	0002_remove_content_type_name	2023-08-18 01:58:36.505484+00
7	auth	0002_alter_permission_name_max_length	2023-08-18 01:58:36.51517+00
8	auth	0003_alter_user_email_max_length	2023-08-18 01:58:36.527163+00
9	auth	0004_alter_user_username_opts	2023-08-18 01:58:36.536615+00
10	auth	0005_alter_user_last_login_null	2023-08-18 01:58:36.54825+00
11	auth	0006_require_contenttypes_0002	2023-08-18 01:58:36.551276+00
12	auth	0007_alter_validators_add_error_messages	2023-08-18 01:58:36.5631+00
13	auth	0008_alter_user_username_max_length	2023-08-18 01:58:36.58003+00
14	auth	0009_alter_user_last_name_max_length	2023-08-18 01:58:36.589931+00
15	auth	0010_alter_group_name_max_length	2023-08-18 01:58:36.601951+00
16	auth	0011_update_proxy_permissions	2023-08-18 01:58:36.615615+00
17	auth	0012_alter_user_first_name_max_length	2023-08-18 01:58:36.625685+00
18	sessions	0001_initial	2023-08-18 01:58:36.645539+00
19	token_blacklist	0001_initial	2023-08-18 01:58:36.696652+00
20	token_blacklist	0002_outstandingtoken_jti_hex	2023-08-18 01:58:36.711749+00
21	token_blacklist	0003_auto_20171017_2007	2023-08-18 01:58:36.727464+00
22	token_blacklist	0004_auto_20171017_2013	2023-08-18 01:58:36.744012+00
23	token_blacklist	0005_remove_outstandingtoken_jti	2023-08-18 01:58:36.757092+00
24	token_blacklist	0006_auto_20171017_2113	2023-08-18 01:58:36.768301+00
25	token_blacklist	0007_auto_20171017_2214	2023-08-18 01:58:36.794295+00
26	token_blacklist	0008_migrate_to_bigautofield	2023-08-18 01:58:36.858877+00
27	token_blacklist	0010_fix_migrate_to_bigautofield	2023-08-18 01:58:36.878643+00
28	token_blacklist	0011_linearizes_history	2023-08-18 01:58:36.881035+00
29	token_blacklist	0012_alter_outstandingtoken_user	2023-08-18 01:58:36.889934+00
30	Api	0001_initial	2023-08-18 02:01:15.225575+00
\.


--
-- Data for Name: django_session; Type: TABLE DATA; Schema: public; Owner: hahaha
--

COPY public.django_session (session_key, session_data, expire_date) FROM stdin;
\.


--
-- Data for Name: token_blacklist_blacklistedtoken; Type: TABLE DATA; Schema: public; Owner: hahaha
--

COPY public.token_blacklist_blacklistedtoken (id, blacklisted_at, token_id) FROM stdin;
1	2023-08-15 15:44:01.104+00	1
\.


--
-- Data for Name: token_blacklist_outstandingtoken; Type: TABLE DATA; Schema: public; Owner: hahaha
--

COPY public.token_blacklist_outstandingtoken (id, token, created_at, expires_at, user_id, jti) FROM stdin;
1	eyJ0eXAiOiJKV1QiLCJhbGciOiJIUzI1NiJ9.eyJ0b2tlbl90eXBlIjoicmVmcmVzaCIsImV4cCI6MTY5MjIwMDUxMywiaWF0IjoxNjkyMTE0MTEzLCJqdGkiOiJmM2JkYTQ3ZjkyZTg0MGNhYTgwYWUzN2JkOWVhNTQwMyIsInVzZXJfaWQiOjEzfQ.t57XfZFZ1agNdkTblbyBDqYl6zPf7nlXPbAKwcl2qa8	2023-08-15 15:41:53.345341+00	2023-08-16 15:41:53+00	13	f3bda47f92e840caa80ae37bd9ea5403
2	eyJ0eXAiOiJKV1QiLCJhbGciOiJIUzI1NiJ9.eyJ0b2tlbl90eXBlIjoicmVmcmVzaCIsImV4cCI6MTY5MjI4NTMzOCwiaWF0IjoxNjkyMTk4OTM4LCJqdGkiOiJlZjIzNDk1ZmY5MmM0OTBiOTI2ZDE1YTRkZjQwYTc2OCIsInVzZXJfaWQiOjEzfQ.EQ4bVUXhGqb5NBqBl6GfCVJu9Xsl3hlml_BinjfQWG8	2023-08-16 15:15:38.492674+00	2023-08-17 15:15:38+00	13	ef23495ff92c490b926d15a4df40a768
3	eyJ0eXAiOiJKV1QiLCJhbGciOiJIUzI1NiJ9.eyJ0b2tlbl90eXBlIjoicmVmcmVzaCIsImV4cCI6MTY5MjI4NTU0OSwiaWF0IjoxNjkyMTk5MTQ5LCJqdGkiOiJiN2ZlZTZkNzk4NTA0YjllOGVlM2E0MDZiYjFjZmMwNCIsInVzZXJfaWQiOjEzfQ.-3aBniN8ULL8ZWNVC0UyMAGOIQH4hltd0VjgUO6LYWw	2023-08-16 15:19:09.457024+00	2023-08-17 15:19:09+00	13	b7fee6d798504b9e8ee3a406bb1cfc04
4	eyJ0eXAiOiJKV1QiLCJhbGciOiJIUzI1NiJ9.eyJ0b2tlbl90eXBlIjoicmVmcmVzaCIsImV4cCI6MTY5MjI4NTU5MiwiaWF0IjoxNjkyMTk5MTkyLCJqdGkiOiIwYzYwYmUxOTY3YTU0NzQyODc3NGM2MjNlMGQ2MDg4MyIsInVzZXJfaWQiOjEzfQ.BlOQjNILOvCZu63Oh1sRT5_i-uZlCQv8Els-0CGqm6M	2023-08-16 15:19:52.425558+00	2023-08-17 15:19:52+00	13	0c60be1967a547428774c623e0d60883
5	eyJ0eXAiOiJKV1QiLCJhbGciOiJIUzI1NiJ9.eyJ0b2tlbl90eXBlIjoicmVmcmVzaCIsImV4cCI6MTY5MjI4NTg1OSwiaWF0IjoxNjkyMTk5NDU5LCJqdGkiOiI1YTdhNjQ5YjVmOGM0ODZkYjgxMTM0NmViMjczM2QxYyIsInVzZXJfaWQiOjM3fQ.k2vnmdRznBoP_akmyAW-7VFdwP_Mm763_vRsY2DzEjg	2023-08-16 15:24:19.920615+00	2023-08-17 15:24:19+00	37	5a7a649b5f8c486db811346eb2733d1c
6	eyJ0eXAiOiJKV1QiLCJhbGciOiJIUzI1NiJ9.eyJ0b2tlbl90eXBlIjoicmVmcmVzaCIsImV4cCI6MTY5MjI4NjM0NywiaWF0IjoxNjkyMTk5OTQ3LCJqdGkiOiI5NjRkNWVkZTUxMTc0YTY4YmMyNDE3NjgxOGYzNTMzYiIsInVzZXJfaWQiOjEzfQ.9stT0cIAf3ONFBBpnkCFMlj90xldCnlA4CMnZcVUYHM	2023-08-16 15:32:27.383124+00	2023-08-17 15:32:27+00	13	964d5ede51174a68bc24176818f3533b
7	eyJ0eXAiOiJKV1QiLCJhbGciOiJIUzI1NiJ9.eyJ0b2tlbl90eXBlIjoicmVmcmVzaCIsImV4cCI6MTY5MjI4NjcwNiwiaWF0IjoxNjkyMjAwMzA2LCJqdGkiOiI5OWZjMDdiYTQ1MmY0ZThjYjI5ZDFlYzA4ZWY1MzYxZCIsInVzZXJfaWQiOjEzfQ.SUlCrt8I5v8DS4sW0FgfR99CgvtZMhzV0oIgJ-GZ4DE	2023-08-16 15:38:26.644268+00	2023-08-17 15:38:26+00	13	99fc07ba452f4e8cb29d1ec08ef5361d
8	eyJ0eXAiOiJKV1QiLCJhbGciOiJIUzI1NiJ9.eyJ0b2tlbl90eXBlIjoicmVmcmVzaCIsImV4cCI6MTY5MjI4NzQ2NSwiaWF0IjoxNjkyMjAxMDY1LCJqdGkiOiIzMDVjMDc4YjdhODA0YmNkYmEyMWQ3MDJjZTI2ZWY2YSIsInVzZXJfaWQiOjEzfQ.ao4iQKVyoQXQu7T_25anXeX0gy0jBnePrJGZnKriXeM	2023-08-16 15:51:05.388481+00	2023-08-17 15:51:05+00	13	305c078b7a804bcdba21d702ce26ef6a
9	eyJ0eXAiOiJKV1QiLCJhbGciOiJIUzI1NiJ9.eyJ0b2tlbl90eXBlIjoicmVmcmVzaCIsImV4cCI6MTY5MjI4ODMxNCwiaWF0IjoxNjkyMjAxOTE0LCJqdGkiOiJhYzhmMDIwYzQ1MzM0OWI3ODY1OTM4NGQxYzYxOTFiOCIsInVzZXJfaWQiOjEzfQ.zrlVTTUMYij9B1bHojbiAqDQHUFbtnIQwpNb-InKEOE	2023-08-16 16:05:14.054885+00	2023-08-17 16:05:14+00	13	ac8f020c453349b78659384d1c6191b8
10	eyJ0eXAiOiJKV1QiLCJhbGciOiJIUzI1NiJ9.eyJ0b2tlbl90eXBlIjoicmVmcmVzaCIsImV4cCI6MTY5MjI4ODQxMywiaWF0IjoxNjkyMjAyMDEzLCJqdGkiOiI1M2YwODczNGI2M2Q0ZGE4YmZkM2NlYmY0ODRiYjQxOCIsInVzZXJfaWQiOjEzfQ.AK9GIqj5pkuC6pNCQ0RCIQlwClhr8fOEEkGuQbPR-VE	2023-08-16 16:06:53.371249+00	2023-08-17 16:06:53+00	13	53f08734b63d4da8bfd3cebf484bb418
\.


--
-- Name: Api_complaint_id_seq; Type: SEQUENCE SET; Schema: public; Owner: hahaha
--

SELECT pg_catalog.setval('public."Api_complaint_id_seq"', 4, true);


--
-- Name: Api_complaintstatus_id_seq; Type: SEQUENCE SET; Schema: public; Owner: hahaha
--

SELECT pg_catalog.setval('public."Api_complaintstatus_id_seq"', 2, true);


--
-- Name: Api_news_id_seq; Type: SEQUENCE SET; Schema: public; Owner: hahaha
--

SELECT pg_catalog.setval('public."Api_news_id_seq"', 1, false);


--
-- Name: Api_permition_id_seq; Type: SEQUENCE SET; Schema: public; Owner: hahaha
--

SELECT pg_catalog.setval('public."Api_permition_id_seq"', 4, true);


--
-- Name: Api_profile_id_seq; Type: SEQUENCE SET; Schema: public; Owner: hahaha
--

SELECT pg_catalog.setval('public."Api_profile_id_seq"', 115, true);


--
-- Name: Api_request_id_seq; Type: SEQUENCE SET; Schema: public; Owner: hahaha
--

SELECT pg_catalog.setval('public."Api_request_id_seq"', 2, true);


--
-- Name: Api_requsetstatus_id_seq; Type: SEQUENCE SET; Schema: public; Owner: hahaha
--

SELECT pg_catalog.setval('public."Api_requsetstatus_id_seq"', 3, true);


--
-- Name: Api_trash_id_seq; Type: SEQUENCE SET; Schema: public; Owner: hahaha
--

SELECT pg_catalog.setval('public."Api_trash_id_seq"', 2, true);


--
-- Name: Api_trashorganizations_id_seq; Type: SEQUENCE SET; Schema: public; Owner: hahaha
--

SELECT pg_catalog.setval('public."Api_trashorganizations_id_seq"', 3, true);


--
-- Name: auth_group_id_seq; Type: SEQUENCE SET; Schema: public; Owner: hahaha
--

SELECT pg_catalog.setval('public.auth_group_id_seq', 1, false);


--
-- Name: auth_group_permissions_id_seq; Type: SEQUENCE SET; Schema: public; Owner: hahaha
--

SELECT pg_catalog.setval('public.auth_group_permissions_id_seq', 1, false);


--
-- Name: auth_permission_id_seq; Type: SEQUENCE SET; Schema: public; Owner: hahaha
--

SELECT pg_catalog.setval('public.auth_permission_id_seq', 104, true);


--
-- Name: auth_user_groups_id_seq; Type: SEQUENCE SET; Schema: public; Owner: hahaha
--

SELECT pg_catalog.setval('public.auth_user_groups_id_seq', 1, false);


--
-- Name: auth_user_id_seq; Type: SEQUENCE SET; Schema: public; Owner: hahaha
--

SELECT pg_catalog.setval('public.auth_user_id_seq', 44, true);


--
-- Name: auth_user_user_permissions_id_seq; Type: SEQUENCE SET; Schema: public; Owner: hahaha
--

SELECT pg_catalog.setval('public.auth_user_user_permissions_id_seq', 1, false);


--
-- Name: django_admin_log_id_seq; Type: SEQUENCE SET; Schema: public; Owner: hahaha
--

SELECT pg_catalog.setval('public.django_admin_log_id_seq', 1, false);


--
-- Name: django_content_type_id_seq; Type: SEQUENCE SET; Schema: public; Owner: hahaha
--

SELECT pg_catalog.setval('public.django_content_type_id_seq', 20, true);


--
-- Name: django_migrations_id_seq; Type: SEQUENCE SET; Schema: public; Owner: hahaha
--

SELECT pg_catalog.setval('public.django_migrations_id_seq', 30, true);


--
-- Name: token_blacklist_blacklistedtoken_id_seq; Type: SEQUENCE SET; Schema: public; Owner: hahaha
--

SELECT pg_catalog.setval('public.token_blacklist_blacklistedtoken_id_seq', 1, true);


--
-- Name: token_blacklist_outstandingtoken_id_seq; Type: SEQUENCE SET; Schema: public; Owner: hahaha
--

SELECT pg_catalog.setval('public.token_blacklist_outstandingtoken_id_seq', 62, true);


--
-- Name: Api_complaint Api_complaint_pkey; Type: CONSTRAINT; Schema: public; Owner: hahaha
--

ALTER TABLE ONLY public."Api_complaint"
    ADD CONSTRAINT "Api_complaint_pkey" PRIMARY KEY (id);


--
-- Name: Api_complaintstatus Api_complaintstatus_pkey; Type: CONSTRAINT; Schema: public; Owner: hahaha
--

ALTER TABLE ONLY public."Api_complaintstatus"
    ADD CONSTRAINT "Api_complaintstatus_pkey" PRIMARY KEY (id);


--
-- Name: Api_news Api_news_pkey; Type: CONSTRAINT; Schema: public; Owner: hahaha
--

ALTER TABLE ONLY public."Api_news"
    ADD CONSTRAINT "Api_news_pkey" PRIMARY KEY (id);


--
-- Name: Api_permition Api_permition_pkey; Type: CONSTRAINT; Schema: public; Owner: hahaha
--

ALTER TABLE ONLY public."Api_permition"
    ADD CONSTRAINT "Api_permition_pkey" PRIMARY KEY (id);


--
-- Name: Api_profile Api_profile_pkey; Type: CONSTRAINT; Schema: public; Owner: hahaha
--

ALTER TABLE ONLY public."Api_profile"
    ADD CONSTRAINT "Api_profile_pkey" PRIMARY KEY (id);


--
-- Name: Api_profile Api_profile_user_id_key; Type: CONSTRAINT; Schema: public; Owner: hahaha
--

ALTER TABLE ONLY public."Api_profile"
    ADD CONSTRAINT "Api_profile_user_id_key" UNIQUE (user_id);


--
-- Name: Api_request Api_request_pkey; Type: CONSTRAINT; Schema: public; Owner: hahaha
--

ALTER TABLE ONLY public."Api_request"
    ADD CONSTRAINT "Api_request_pkey" PRIMARY KEY (id);


--
-- Name: Api_requsetstatus Api_requsetstatus_pkey; Type: CONSTRAINT; Schema: public; Owner: hahaha
--

ALTER TABLE ONLY public."Api_requsetstatus"
    ADD CONSTRAINT "Api_requsetstatus_pkey" PRIMARY KEY (id);


--
-- Name: Api_trash Api_trash_pkey; Type: CONSTRAINT; Schema: public; Owner: hahaha
--

ALTER TABLE ONLY public."Api_trash"
    ADD CONSTRAINT "Api_trash_pkey" PRIMARY KEY (id);


--
-- Name: Api_trashorganizations Api_trashorganizations_pkey; Type: CONSTRAINT; Schema: public; Owner: hahaha
--

ALTER TABLE ONLY public."Api_trashorganizations"
    ADD CONSTRAINT "Api_trashorganizations_pkey" PRIMARY KEY (id);


--
-- Name: auth_group auth_group_name_key; Type: CONSTRAINT; Schema: public; Owner: hahaha
--

ALTER TABLE ONLY public.auth_group
    ADD CONSTRAINT auth_group_name_key UNIQUE (name);


--
-- Name: auth_group_permissions auth_group_permissions_group_id_permission_id_0cd325b0_uniq; Type: CONSTRAINT; Schema: public; Owner: hahaha
--

ALTER TABLE ONLY public.auth_group_permissions
    ADD CONSTRAINT auth_group_permissions_group_id_permission_id_0cd325b0_uniq UNIQUE (group_id, permission_id);


--
-- Name: auth_group_permissions auth_group_permissions_pkey; Type: CONSTRAINT; Schema: public; Owner: hahaha
--

ALTER TABLE ONLY public.auth_group_permissions
    ADD CONSTRAINT auth_group_permissions_pkey PRIMARY KEY (id);


--
-- Name: auth_group auth_group_pkey; Type: CONSTRAINT; Schema: public; Owner: hahaha
--

ALTER TABLE ONLY public.auth_group
    ADD CONSTRAINT auth_group_pkey PRIMARY KEY (id);


--
-- Name: auth_permission auth_permission_content_type_id_codename_01ab375a_uniq; Type: CONSTRAINT; Schema: public; Owner: hahaha
--

ALTER TABLE ONLY public.auth_permission
    ADD CONSTRAINT auth_permission_content_type_id_codename_01ab375a_uniq UNIQUE (content_type_id, codename);


--
-- Name: auth_permission auth_permission_pkey; Type: CONSTRAINT; Schema: public; Owner: hahaha
--

ALTER TABLE ONLY public.auth_permission
    ADD CONSTRAINT auth_permission_pkey PRIMARY KEY (id);


--
-- Name: auth_user_groups auth_user_groups_pkey; Type: CONSTRAINT; Schema: public; Owner: hahaha
--

ALTER TABLE ONLY public.auth_user_groups
    ADD CONSTRAINT auth_user_groups_pkey PRIMARY KEY (id);


--
-- Name: auth_user_groups auth_user_groups_user_id_group_id_94350c0c_uniq; Type: CONSTRAINT; Schema: public; Owner: hahaha
--

ALTER TABLE ONLY public.auth_user_groups
    ADD CONSTRAINT auth_user_groups_user_id_group_id_94350c0c_uniq UNIQUE (user_id, group_id);


--
-- Name: auth_user auth_user_pkey; Type: CONSTRAINT; Schema: public; Owner: hahaha
--

ALTER TABLE ONLY public.auth_user
    ADD CONSTRAINT auth_user_pkey PRIMARY KEY (id);


--
-- Name: auth_user_user_permissions auth_user_user_permissions_pkey; Type: CONSTRAINT; Schema: public; Owner: hahaha
--

ALTER TABLE ONLY public.auth_user_user_permissions
    ADD CONSTRAINT auth_user_user_permissions_pkey PRIMARY KEY (id);


--
-- Name: auth_user_user_permissions auth_user_user_permissions_user_id_permission_id_14a6b632_uniq; Type: CONSTRAINT; Schema: public; Owner: hahaha
--

ALTER TABLE ONLY public.auth_user_user_permissions
    ADD CONSTRAINT auth_user_user_permissions_user_id_permission_id_14a6b632_uniq UNIQUE (user_id, permission_id);


--
-- Name: auth_user auth_user_username_key; Type: CONSTRAINT; Schema: public; Owner: hahaha
--

ALTER TABLE ONLY public.auth_user
    ADD CONSTRAINT auth_user_username_key UNIQUE (username);


--
-- Name: django_admin_log django_admin_log_pkey; Type: CONSTRAINT; Schema: public; Owner: hahaha
--

ALTER TABLE ONLY public.django_admin_log
    ADD CONSTRAINT django_admin_log_pkey PRIMARY KEY (id);


--
-- Name: django_content_type django_content_type_app_label_model_76bd3d3b_uniq; Type: CONSTRAINT; Schema: public; Owner: hahaha
--

ALTER TABLE ONLY public.django_content_type
    ADD CONSTRAINT django_content_type_app_label_model_76bd3d3b_uniq UNIQUE (app_label, model);


--
-- Name: django_content_type django_content_type_pkey; Type: CONSTRAINT; Schema: public; Owner: hahaha
--

ALTER TABLE ONLY public.django_content_type
    ADD CONSTRAINT django_content_type_pkey PRIMARY KEY (id);


--
-- Name: django_migrations django_migrations_pkey; Type: CONSTRAINT; Schema: public; Owner: hahaha
--

ALTER TABLE ONLY public.django_migrations
    ADD CONSTRAINT django_migrations_pkey PRIMARY KEY (id);


--
-- Name: django_session django_session_pkey; Type: CONSTRAINT; Schema: public; Owner: hahaha
--

ALTER TABLE ONLY public.django_session
    ADD CONSTRAINT django_session_pkey PRIMARY KEY (session_key);


--
-- Name: token_blacklist_blacklistedtoken token_blacklist_blacklistedtoken_pkey; Type: CONSTRAINT; Schema: public; Owner: hahaha
--

ALTER TABLE ONLY public.token_blacklist_blacklistedtoken
    ADD CONSTRAINT token_blacklist_blacklistedtoken_pkey PRIMARY KEY (id);


--
-- Name: token_blacklist_blacklistedtoken token_blacklist_blacklistedtoken_token_id_key; Type: CONSTRAINT; Schema: public; Owner: hahaha
--

ALTER TABLE ONLY public.token_blacklist_blacklistedtoken
    ADD CONSTRAINT token_blacklist_blacklistedtoken_token_id_key UNIQUE (token_id);


--
-- Name: token_blacklist_outstandingtoken token_blacklist_outstandingtoken_jti_hex_d9bdf6f7_uniq; Type: CONSTRAINT; Schema: public; Owner: hahaha
--

ALTER TABLE ONLY public.token_blacklist_outstandingtoken
    ADD CONSTRAINT token_blacklist_outstandingtoken_jti_hex_d9bdf6f7_uniq UNIQUE (jti);


--
-- Name: token_blacklist_outstandingtoken token_blacklist_outstandingtoken_pkey; Type: CONSTRAINT; Schema: public; Owner: hahaha
--

ALTER TABLE ONLY public.token_blacklist_outstandingtoken
    ADD CONSTRAINT token_blacklist_outstandingtoken_pkey PRIMARY KEY (id);


--
-- Name: Api_complaint_complaint_status_id_25c709a1; Type: INDEX; Schema: public; Owner: hahaha
--

CREATE INDEX "Api_complaint_complaint_status_id_25c709a1" ON public."Api_complaint" USING btree (complaint_status_id);


--
-- Name: Api_complaint_user_id_id_6c98bd59; Type: INDEX; Schema: public; Owner: hahaha
--

CREATE INDEX "Api_complaint_user_id_id_6c98bd59" ON public."Api_complaint" USING btree (user_id_id);


--
-- Name: Api_profile_permition_id_id_d3c27ca5; Type: INDEX; Schema: public; Owner: hahaha
--

CREATE INDEX "Api_profile_permition_id_id_d3c27ca5" ON public."Api_profile" USING btree (permition_id_id);


--
-- Name: Api_request_complain_id_id_1b66370c; Type: INDEX; Schema: public; Owner: hahaha
--

CREATE INDEX "Api_request_complain_id_id_1b66370c" ON public."Api_request" USING btree (complain_id_id);


--
-- Name: Api_request_status_id_id_d0c18858; Type: INDEX; Schema: public; Owner: hahaha
--

CREATE INDEX "Api_request_status_id_id_d0c18858" ON public."Api_request" USING btree (status_id_id);


--
-- Name: Api_trash_organization_id_eb878445; Type: INDEX; Schema: public; Owner: hahaha
--

CREATE INDEX "Api_trash_organization_id_eb878445" ON public."Api_trash" USING btree (organization_id);


--
-- Name: auth_group_name_a6ea08ec_like; Type: INDEX; Schema: public; Owner: hahaha
--

CREATE INDEX auth_group_name_a6ea08ec_like ON public.auth_group USING btree (name varchar_pattern_ops);


--
-- Name: auth_group_permissions_group_id_b120cbf9; Type: INDEX; Schema: public; Owner: hahaha
--

CREATE INDEX auth_group_permissions_group_id_b120cbf9 ON public.auth_group_permissions USING btree (group_id);


--
-- Name: auth_group_permissions_permission_id_84c5c92e; Type: INDEX; Schema: public; Owner: hahaha
--

CREATE INDEX auth_group_permissions_permission_id_84c5c92e ON public.auth_group_permissions USING btree (permission_id);


--
-- Name: auth_permission_content_type_id_2f476e4b; Type: INDEX; Schema: public; Owner: hahaha
--

CREATE INDEX auth_permission_content_type_id_2f476e4b ON public.auth_permission USING btree (content_type_id);


--
-- Name: auth_user_groups_group_id_97559544; Type: INDEX; Schema: public; Owner: hahaha
--

CREATE INDEX auth_user_groups_group_id_97559544 ON public.auth_user_groups USING btree (group_id);


--
-- Name: auth_user_groups_user_id_6a12ed8b; Type: INDEX; Schema: public; Owner: hahaha
--

CREATE INDEX auth_user_groups_user_id_6a12ed8b ON public.auth_user_groups USING btree (user_id);


--
-- Name: auth_user_user_permissions_permission_id_1fbb5f2c; Type: INDEX; Schema: public; Owner: hahaha
--

CREATE INDEX auth_user_user_permissions_permission_id_1fbb5f2c ON public.auth_user_user_permissions USING btree (permission_id);


--
-- Name: auth_user_user_permissions_user_id_a95ead1b; Type: INDEX; Schema: public; Owner: hahaha
--

CREATE INDEX auth_user_user_permissions_user_id_a95ead1b ON public.auth_user_user_permissions USING btree (user_id);


--
-- Name: auth_user_username_6821ab7c_like; Type: INDEX; Schema: public; Owner: hahaha
--

CREATE INDEX auth_user_username_6821ab7c_like ON public.auth_user USING btree (username varchar_pattern_ops);


--
-- Name: django_admin_log_content_type_id_c4bce8eb; Type: INDEX; Schema: public; Owner: hahaha
--

CREATE INDEX django_admin_log_content_type_id_c4bce8eb ON public.django_admin_log USING btree (content_type_id);


--
-- Name: django_admin_log_user_id_c564eba6; Type: INDEX; Schema: public; Owner: hahaha
--

CREATE INDEX django_admin_log_user_id_c564eba6 ON public.django_admin_log USING btree (user_id);


--
-- Name: django_session_expire_date_a5c62663; Type: INDEX; Schema: public; Owner: hahaha
--

CREATE INDEX django_session_expire_date_a5c62663 ON public.django_session USING btree (expire_date);


--
-- Name: django_session_session_key_c0390e0f_like; Type: INDEX; Schema: public; Owner: hahaha
--

CREATE INDEX django_session_session_key_c0390e0f_like ON public.django_session USING btree (session_key varchar_pattern_ops);


--
-- Name: token_blacklist_outstandingtoken_jti_hex_d9bdf6f7_like; Type: INDEX; Schema: public; Owner: hahaha
--

CREATE INDEX token_blacklist_outstandingtoken_jti_hex_d9bdf6f7_like ON public.token_blacklist_outstandingtoken USING btree (jti varchar_pattern_ops);


--
-- Name: token_blacklist_outstandingtoken_user_id_83bc629a; Type: INDEX; Schema: public; Owner: hahaha
--

CREATE INDEX token_blacklist_outstandingtoken_user_id_83bc629a ON public.token_blacklist_outstandingtoken USING btree (user_id);


--
-- Name: Api_complaint Api_complaint_complaint_status_id_25c709a1_fk_Api_compl; Type: FK CONSTRAINT; Schema: public; Owner: hahaha
--

ALTER TABLE ONLY public."Api_complaint"
    ADD CONSTRAINT "Api_complaint_complaint_status_id_25c709a1_fk_Api_compl" FOREIGN KEY (complaint_status_id) REFERENCES public."Api_complaintstatus"(id) DEFERRABLE INITIALLY DEFERRED;


--
-- Name: Api_complaint Api_complaint_user_id_id_6c98bd59_fk_auth_user_id; Type: FK CONSTRAINT; Schema: public; Owner: hahaha
--

ALTER TABLE ONLY public."Api_complaint"
    ADD CONSTRAINT "Api_complaint_user_id_id_6c98bd59_fk_auth_user_id" FOREIGN KEY (user_id_id) REFERENCES public.auth_user(id) DEFERRABLE INITIALLY DEFERRED;


--
-- Name: Api_profile Api_profile_permition_id_id_d3c27ca5_fk_Api_permition_id; Type: FK CONSTRAINT; Schema: public; Owner: hahaha
--

ALTER TABLE ONLY public."Api_profile"
    ADD CONSTRAINT "Api_profile_permition_id_id_d3c27ca5_fk_Api_permition_id" FOREIGN KEY (permition_id_id) REFERENCES public."Api_permition"(id) DEFERRABLE INITIALLY DEFERRED;


--
-- Name: Api_profile Api_profile_user_id_b18bd9b5_fk_auth_user_id; Type: FK CONSTRAINT; Schema: public; Owner: hahaha
--

ALTER TABLE ONLY public."Api_profile"
    ADD CONSTRAINT "Api_profile_user_id_b18bd9b5_fk_auth_user_id" FOREIGN KEY (user_id) REFERENCES public.auth_user(id) DEFERRABLE INITIALLY DEFERRED;


--
-- Name: Api_request Api_request_complain_id_id_1b66370c_fk_Api_complaint_id; Type: FK CONSTRAINT; Schema: public; Owner: hahaha
--

ALTER TABLE ONLY public."Api_request"
    ADD CONSTRAINT "Api_request_complain_id_id_1b66370c_fk_Api_complaint_id" FOREIGN KEY (complain_id_id) REFERENCES public."Api_complaint"(id) DEFERRABLE INITIALLY DEFERRED;


--
-- Name: Api_request Api_request_status_id_id_d0c18858_fk_Api_requsetstatus_id; Type: FK CONSTRAINT; Schema: public; Owner: hahaha
--

ALTER TABLE ONLY public."Api_request"
    ADD CONSTRAINT "Api_request_status_id_id_d0c18858_fk_Api_requsetstatus_id" FOREIGN KEY (status_id_id) REFERENCES public."Api_requsetstatus"(id) DEFERRABLE INITIALLY DEFERRED;


--
-- Name: Api_trash Api_trash_organization_id_eb878445_fk_Api_trashorganizations_id; Type: FK CONSTRAINT; Schema: public; Owner: hahaha
--

ALTER TABLE ONLY public."Api_trash"
    ADD CONSTRAINT "Api_trash_organization_id_eb878445_fk_Api_trashorganizations_id" FOREIGN KEY (organization_id) REFERENCES public."Api_trashorganizations"(id) DEFERRABLE INITIALLY DEFERRED;


--
-- Name: auth_group_permissions auth_group_permissio_permission_id_84c5c92e_fk_auth_perm; Type: FK CONSTRAINT; Schema: public; Owner: hahaha
--

ALTER TABLE ONLY public.auth_group_permissions
    ADD CONSTRAINT auth_group_permissio_permission_id_84c5c92e_fk_auth_perm FOREIGN KEY (permission_id) REFERENCES public.auth_permission(id) DEFERRABLE INITIALLY DEFERRED;


--
-- Name: auth_group_permissions auth_group_permissions_group_id_b120cbf9_fk_auth_group_id; Type: FK CONSTRAINT; Schema: public; Owner: hahaha
--

ALTER TABLE ONLY public.auth_group_permissions
    ADD CONSTRAINT auth_group_permissions_group_id_b120cbf9_fk_auth_group_id FOREIGN KEY (group_id) REFERENCES public.auth_group(id) DEFERRABLE INITIALLY DEFERRED;


--
-- Name: auth_permission auth_permission_content_type_id_2f476e4b_fk_django_co; Type: FK CONSTRAINT; Schema: public; Owner: hahaha
--

ALTER TABLE ONLY public.auth_permission
    ADD CONSTRAINT auth_permission_content_type_id_2f476e4b_fk_django_co FOREIGN KEY (content_type_id) REFERENCES public.django_content_type(id) DEFERRABLE INITIALLY DEFERRED;


--
-- Name: auth_user_groups auth_user_groups_group_id_97559544_fk_auth_group_id; Type: FK CONSTRAINT; Schema: public; Owner: hahaha
--

ALTER TABLE ONLY public.auth_user_groups
    ADD CONSTRAINT auth_user_groups_group_id_97559544_fk_auth_group_id FOREIGN KEY (group_id) REFERENCES public.auth_group(id) DEFERRABLE INITIALLY DEFERRED;


--
-- Name: auth_user_groups auth_user_groups_user_id_6a12ed8b_fk_auth_user_id; Type: FK CONSTRAINT; Schema: public; Owner: hahaha
--

ALTER TABLE ONLY public.auth_user_groups
    ADD CONSTRAINT auth_user_groups_user_id_6a12ed8b_fk_auth_user_id FOREIGN KEY (user_id) REFERENCES public.auth_user(id) DEFERRABLE INITIALLY DEFERRED;


--
-- Name: auth_user_user_permissions auth_user_user_permi_permission_id_1fbb5f2c_fk_auth_perm; Type: FK CONSTRAINT; Schema: public; Owner: hahaha
--

ALTER TABLE ONLY public.auth_user_user_permissions
    ADD CONSTRAINT auth_user_user_permi_permission_id_1fbb5f2c_fk_auth_perm FOREIGN KEY (permission_id) REFERENCES public.auth_permission(id) DEFERRABLE INITIALLY DEFERRED;


--
-- Name: auth_user_user_permissions auth_user_user_permissions_user_id_a95ead1b_fk_auth_user_id; Type: FK CONSTRAINT; Schema: public; Owner: hahaha
--

ALTER TABLE ONLY public.auth_user_user_permissions
    ADD CONSTRAINT auth_user_user_permissions_user_id_a95ead1b_fk_auth_user_id FOREIGN KEY (user_id) REFERENCES public.auth_user(id) DEFERRABLE INITIALLY DEFERRED;


--
-- Name: django_admin_log django_admin_log_content_type_id_c4bce8eb_fk_django_co; Type: FK CONSTRAINT; Schema: public; Owner: hahaha
--

ALTER TABLE ONLY public.django_admin_log
    ADD CONSTRAINT django_admin_log_content_type_id_c4bce8eb_fk_django_co FOREIGN KEY (content_type_id) REFERENCES public.django_content_type(id) DEFERRABLE INITIALLY DEFERRED;


--
-- Name: django_admin_log django_admin_log_user_id_c564eba6_fk_auth_user_id; Type: FK CONSTRAINT; Schema: public; Owner: hahaha
--

ALTER TABLE ONLY public.django_admin_log
    ADD CONSTRAINT django_admin_log_user_id_c564eba6_fk_auth_user_id FOREIGN KEY (user_id) REFERENCES public.auth_user(id) DEFERRABLE INITIALLY DEFERRED;


--
-- Name: token_blacklist_blacklistedtoken token_blacklist_blacklistedtoken_token_id_3cc7fe56_fk; Type: FK CONSTRAINT; Schema: public; Owner: hahaha
--

ALTER TABLE ONLY public.token_blacklist_blacklistedtoken
    ADD CONSTRAINT token_blacklist_blacklistedtoken_token_id_3cc7fe56_fk FOREIGN KEY (token_id) REFERENCES public.token_blacklist_outstandingtoken(id) DEFERRABLE INITIALLY DEFERRED;


--
-- Name: token_blacklist_outstandingtoken token_blacklist_outs_user_id_83bc629a_fk_auth_user; Type: FK CONSTRAINT; Schema: public; Owner: hahaha
--

ALTER TABLE ONLY public.token_blacklist_outstandingtoken
    ADD CONSTRAINT token_blacklist_outs_user_id_83bc629a_fk_auth_user FOREIGN KEY (user_id) REFERENCES public.auth_user(id) DEFERRABLE INITIALLY DEFERRED;


--
-- PostgreSQL database dump complete
--

